merchant_name,merchant_id,title,creator,short_description,long_description,product_url,checkout_url,image,creator_bio,product_type,product_category,product_tags
Gogh,0001,Born to Shine,Kendra Scott,"An inspiring journey of the author's entrepreneurial path, emphasizing perseverance, creativity, and the essence of building a successful brand from the ground up. It serves as a motivational guide for aspiring entrepreneurs.","Overview: ""Born to Shine"" is an autobiographical account by Kendra Scott, detailing her journey from starting a small jewelry business in her home to becoming a renowned name in the fashion industry. The book is a mix of memoir, business advice, and motivational guidance, showcasing the challenges and triumphs of Scott's career.

Intended Audience: This book is ideal for aspiring entrepreneurs, especially women, who are looking to start their own ventures. It's also for those interested in the fashion industry, personal growth enthusiasts, and fans of inspirational success stories.

Key Takeaways: Readers will gain insights into perseverance, creativity, and the strategic thinking behind building a successful brand. Scott's story emphasizes the importance of resilience, the power of networking, and the value of maintaining one's integrity in business. Additionally, the book offers practical advice on balancing professional ambitions with personal life.",https://amzn.to/3umtzE8,https://amzn.to/3umtzE8,https://m.media-amazon.com/images/I/41fUlSkEhSL._SY445_SX342_.jpg,"Kendra Scott is an American fashion designer who founded her eponymous jewelry company, Kendra Scott, LLC, in 2002. Starting with just $500, Scott's business has grown into a global brand known for its family-friendly work environment and dedication to philanthropy. Scott has also been a guest investor on the television show ""Shark Tank.""",book,startup,"startup, business, entrepreneur"
Gogh,0001,Made to Stick,"Chip Heath, Dan Heath","Offers insight into why some ideas last and others fade away. It's crucial for entrepreneurs looking to make their products, services, or ideas memorable and impactful.","Overview: ""Made to Stick"" explores why some ideas survive and others die. The Heath brothers introduce the SUCCESs model (Simple, Unexpected, Concrete, Credible, Emotional, Stories) as a framework to make ideas more engaging and memorable. Through compelling case studies and psychological insights, the book outlines strategies for effective communication.

Intended Audience: It's perfect for marketers, educators, leaders, entrepreneurs, and anyone interested in improving their ability to craft and convey messages that stick with their audience.

Key Takeaways: The book provides readers with tools to make their ideas clearer and more persuasive. It teaches how to simplify complex information, use surprise to capture attention, and weave narratives that resonate with audiences. Readers will learn to craft messages that not only stick but also spur action.",https://amzn.to/3w72jdt,https://amzn.to/3w72jdt,https://m.media-amazon.com/images/I/51v+SnpekvL._SY445_SX342_.jpg,"Chip Heath is a professor at Stanford Graduate School of Business, teaching courses on strategy and organizations. Dan Heath is a Senior Fellow at Duke University's CASE center. Together, the Heath brothers have co-authored several best-selling books on psychology and business, including ""Made to Stick"" and ""Switch,"" focusing on how to change things when change is hard.",book,startup,"startup, business, entrepreneur"
Gogh,0001,"Thinking, Fast and Slow",Daniel Kahneman,"Kahneman presents a deep dive into the human mind, explaining our thought processes and decision-making, which can be critical for entrepreneurs in understanding consumer behavior and making better business decisions.","Overview: Nobel laureate Daniel Kahneman presents a lifetime of research into how the mind works, distinguishing between two modes of thought: ""fast,"" intuitive thinking, and ""slow,"" rational thinking. Kahneman explores the impact of these cognitive processes on decision-making, judgment, and our susceptibility to bias.

Intended Audience: This book is geared towards anyone interested in psychology, behavioral economics, or understanding the intricacies of human decision-making. It's valuable for professionals in fields requiring strategic decision-making, as well as general readers curious about the mind's workings.

Key Takeaways: Readers will uncover the biases and errors in judgments we all make and learn strategies for making better decisions. The book illuminates how our thinking shapes our financial choices, beliefs, and interactions with others, offering profound insights into the human psyche.",https://amzn.to/3OxTWOx,https://amzn.to/3OxTWOx,https://m.media-amazon.com/images/I/41wI53OEpCL._SY445_SX342_.jpg,"Daniel Kahneman is an Israeli-American psychologist renowned for his work on the psychology of judgment and decision-making, as well as behavioral economics. He was awarded the Nobel Memorial Prize in Economic Sciences in 2002 for his work with Amos Tversky on prospect theory, which became the foundation of behavioral economics.",book,startup,"startup, business, entrepreneur"
Gogh,0001,The 4-Hour Workweek,Tim Ferriss,"A revolutionary approach to work-life balance, productivity, and escaping the traditional 9-5. Ferriss provides actionable strategies for automating businesses and living life on one's own terms.","Overview: Tim Ferriss proposes a radical new way of looking at work and life, challenging the conventional 9-5 grind. He outlines how to outsource and automate tasks, liberate oneself from the office, and live and work from anywhere. The book is a blend of practical tips, inspiring anecdotes, and tools for achieving personal and professional freedom.

Intended Audience: Ideal for entrepreneurs, freelancers, and anyone feeling trapped in a traditional work setup. It's also for those seeking to travel the world while working remotely or individuals aiming to create passive income streams.
Key Takeaways: Ferriss offers strategies for minimizing work hours and maximizing play, emphasizing efficiency, delegation, and automation. Readers will learn to negotiate remote work arrangements, start online businesses, and use time and mobility as the ultimate currency for a rich life.",https://amzn.to/4brwJqN,https://amzn.to/4brwJqN,https://m.media-amazon.com/images/I/51I2EIRF44L._SY445_SX342_.jpg,"Tim Ferriss is an American entrepreneur, author, and podcaster. He is best known for his ""4-Hour"" self-help book series, which includes ""The 4-Hour Workweek."" Ferriss's work focuses on lifestyle design and personal productivity, advocating for the optimization of life's components in unconventional ways.",book,startup,"startup, business, entrepreneur"
Gogh,0001,Read Write Own: Building the Next Era of the Internet,Chris Dixon,A potent exploration of the power of blockchains to reshape the future of the Internet.,"Overview: Chris Dixon's ""Read Write Own"" delves into the transformative potential of blockchain technology and how it's paving the way for a new era of the internet. The book explores the evolution from a read-write web to one where users can truly own digital assets and participate in decentralized networks. Dixon covers the technical underpinnings of blockchain, case studies of early adopters, and the philosophical implications for digital identity, privacy, and ownership.

Intended Audience: This book is targeted at technology enthusiasts, entrepreneurs, developers, and investors interested in the future of the internet, blockchain technology, and digital currencies. It's also valuable for anyone curious about how technology can create more open, equitable, and user-owned digital spaces.

Key Takeaways: Readers will gain an understanding of the principles of decentralization, the significance of digital ownership, and the potential for blockchain to disrupt traditional internet paradigms. The book provides insights into the challenges and opportunities of building decentralized applications and offers a visionary outlook on how individuals can navigate and shape the next phase of the internet.",https://amzn.to/3vX69Wj,https://amzn.to/3vX69Wj,https://m.media-amazon.com/images/I/71BIdLFcvpL._SY522_.jpg,"Chris Dixon is a technology entrepreneur and investor. As a partner at Andreessen Horowitz, Dixon focuses on blockchain technology investments. He co-founded two startups, SiteAdvisor and Hunch, which were acquired by McAfee and eBay, respectively. Dixon is a vocal proponent of decentralized technologies and their potential to impact the future of the internet.",book,startup,"startup, business, entrepreneur"
Gogh,0001,Winners Never Cheat,Jon Huntsman,"Huntsman, a successful businessman, shares his perspective on how ethical behavior and integrity are crucial to long-term success in business and life. The book serves as a guide to ethical leadership and the importance of staying true to one's principles.","Overview: In ""Winners Never Cheat,"" Jon Huntsman, Sr., shares the ethical principles that guided his successful career as a businessman and philanthropist. Huntsman argues that integrity and trust are the most valuable assets in business, emphasizing that success does not require compromising one's values. Through personal anecdotes and real-world examples, he illustrates how ethical behavior is not only right but also essential for long-term success.

Intended Audience: Aimed at business leaders, professionals, and students, the book is a must-read for anyone seeking guidance on ethical leadership and success in the corporate world or entrepreneurship. It's also inspiring for those looking to navigate their careers without sacrificing their principles.

Key Takeaways: Readers will learn the importance of honesty, integrity, and fairness in business. Huntsman offers practical advice on facing ethical dilemmas, building a reputation for trustworthiness, and leading by example. The book inspires a return to values-based leadership and demonstrates how ethical decisions are a key to lasting success.",https://amzn.to/4buowlZ,https://amzn.to/4buowlZ,https://images-na.ssl-images-amazon.com/images/S/compressed.photo.goodreads.com/books/1348961035i/5449798.jpg,"Jon Huntsman was an American businessman and philanthropist, founder of the Huntsman Corporation, a global chemical company. He was known for his commitment to ethical business practices and significant philanthropic efforts, particularly in the area of cancer research.",book,startup,"startup, business, entrepreneur"
Gogh,0001,Before and Laughter,Jimmy Carr,"In this book, comedian Jimmy Carr offers insights into his life and career, with a mix of humor and wisdom. While details are sparse without context, it may explore the challenges and triumphs of his journey, offering life lessons with a comedic twist.","Overview: ""Before and Laughter"" presents a candid look at Jimmy Carr's life and career, blending humor with personal reflection. Carr shares his journey from a conventional corporate job to becoming one of the UK's most recognized comedians. The book is filled with Carr's signature wit, but also dives into serious topics such as dealing with criticism, the nature of comedy, and personal growth.

Intended Audience: Perfect for fans of Jimmy Carr and comedy lovers in general, as well as readers interested in autobiographies that offer both laughs and life lessons. It's also suitable for anyone looking for insights into the entertainment industry and the creative process.

Key Takeaways: The book provides an intimate look at Carr's approach to comedy, his philosophies on life, and how he has navigated the highs and lows of his career. Readers will find inspiration in Carr's resilience, his approach to creativity, and his ability to find humor in the face of adversity.",https://amzn.to/49lpG0Z,https://amzn.to/49lpG0Z,https://m.media-amazon.com/images/I/41eA0SvrVbL._SY445_SX342_.jpg,"Jimmy Carr is a British stand-up comedian, television host, and actor known for his dark humor, distinctive laugh, and deadpan delivery. He has become one of the UK's most popular comedians through his stand-up tours and as a host on various TV shows, including ""8 Out of 10 Cats.""",book,startup,"startup, business, entrepreneur"
Gogh,0001,DotCom Secrets,Russel Brunson,"Brunson reveals the tactics and strategies he has used to build successful online businesses. The book is a practical guide to increasing online traffic, improving conversion rates, and generating more sales, making it essential for digital entrepreneurs.","Overview: ""DotCom Secrets"" is a comprehensive guide to building successful online businesses. Russel Brunson shares strategies for increasing website traffic, improving conversion rates, and creating effective sales funnels. The book breaks down complex marketing concepts into actionable steps, using real examples from Brunson's experience in building multimillion-dollar companies online.

Intended Audience: This book is essential for entrepreneurs, marketers, and anyone interested in starting or growing an online business. It's particularly useful for those looking to enhance their digital marketing skills and understanding of online sales processes.

Key Takeaways: Readers will learn how to attract and retain customers, optimize sales funnels for higher conversion rates, and leverage online tools for business growth. Brunson provides a roadmap for creating compelling offers, understanding customer psychology, and using storytelling to engage and sell.",https://amzn.to/491odgx,https://amzn.to/491odgx,https://m.media-amazon.com/images/I/81OtGeBZ5BL._SY522_.jpg,"Russel Brunson is an American entrepreneur, author, and internet marketing expert. He is the co-founder of ClickFunnels, a software company that helps entrepreneurs get their message out to the marketplace quickly and efficiently. Brunson has written several books on online marketing and funnel psychology.",book,startup,"startup, business, entrepreneur"
Gogh,0001,Thrive,Arianna Huffington,"Huffington challenges the conventional definition of success and argues for a more holistic approach to achieving well-being, wisdom, wonder, and giving. It's a call to look beyond money and power for a more fulfilling life.","Overview: In ""Thrive,"" Arianna Huffington challenges the conventional definition of success based on money and power, advocating for a third metric centered on well-being, wisdom, and wonder. Drawing from her personal experiences and extensive research, Huffington argues for a more balanced approach to work and life, emphasizing the importance of health, mindfulness, giving back, and gratitude.

Intended Audience: Suitable for professionals, entrepreneurs, and anyone feeling overwhelmed by the pressures of modern work culture. It's a crucial read for those seeking to redefine success and find fulfillment beyond the workplace.

Key Takeaways: Readers will discover strategies for managing stress, improving well-being, and achieving work-life balance. Huffington combines practical advice with personal anecdotes, offering a blueprint for living a more meaningful and rewarding life. The book encourages a shift in perspective towards valuing time, relationships, and personal health as keys to true success.",https://amzn.to/3usZC5i,https://amzn.to/3usZC5i,https://m.media-amazon.com/images/I/71+uZXnkIAL._SY522_.jpg,"Arianna Huffington is a Greek-American author, syndicated columnist, and businesswoman. She is the co-founder and former editor-in-chief of The Huffington Post, a news and blog site. Huffington has authored fifteen books, including ""Thrive"" and ""The Sleep Revolution,"" focusing on the importance of sleep for success.",book,startup,"startup, business, entrepreneur"
Gogh,0001,The Psychology of Money,Morgan Housel ,"Housel offers a unique look at the behaviors, psychology, and history influencing how people interact with money. The book provides valuable insights into making better financial decisions through understanding our biases and emotional relationship with money.","Overview: ""The Psychology of Money"" offers a unique exploration of how personal beliefs and behaviors affect financial decisions. Morgan Housel uses historical examples and psychological research to illustrate the often-irrational ways people think about money, investing, and wealth. The book emphasizes the role of ego, greed, and fear in financial choices and the importance of humility, patience, and long-term thinking.

Intended Audience: Ideal for readers interested in personal finance, behavioral economics, and anyone looking to improve their relationship with money. It's valuable for investors, financial advisors, and general readers seeking to make more informed financial decisions.

Key Takeaways: Housel provides insights into managing risk, the value of saving, and the power of compounding. The book encourages readers to understand their own money story and to make financial decisions that align with their values and goals. It's a guide to building wealth that lasts and finding financial peace of mind.",https://amzn.to/3umg7jB,https://amzn.to/3umg7jB,https://m.media-amazon.com/images/I/41yzzcHjHCL._SY445_SX342_.jpg,"Morgan Housel is a partner at The Collaborative Fund and a former columnist at The Motley Fool and The Wall Street Journal. He is known for his insightful analysis of psychology, investing, and personal finance. Housel is the author of ""The Psychology of Money,"" where he explores how people think about and interact with money.",book,startup,"startup, business, entrepreneur"
Gogh,0001,The Lean Startup,Eric Ries,Introduces principles for starting a business with maximum efficiency and rapid iteration. It's a must-read for entrepreneurs looking to build a scalable and sustainable business model.,"Overview: ""The Lean Startup"" introduces a systematic, scientific approach for creating and managing successful startups in an age when companies need to innovate more than ever. Eric Ries outlines his proposed lean startup method, which fosters companies that are both more capital efficient and that leverage human creativity more effectively. The book is centered around the concept of building a minimal viable product (MVP), learning from real customer feedback, and iterating rapidly.

Intended Audience: This book is a must-read for entrepreneurs, startup founders, and business managers in any stage of a startup lifecycle. It's also highly relevant for product managers and developers working in environments that prioritize innovation and adaptability.

Key Takeaways: Readers will learn strategies for validating business ideas, accelerating product development cycles, and building scalable businesses. Ries provides insights into effective metrics and analytics, the importance of pivoting when necessary, and how to build a sustainable business model that can withstand the uncertainties of the market.",https://amzn.to/3OvzVrL,https://amzn.to/3OvzVrL,https://m.media-amazon.com/images/I/61BFOf9Ap-L._SY522_.jpg,"Eric Ries is an American entrepreneur and author known for pioneering the Lean Startup movement, a business strategy that encourages startups to allocate their resources as efficiently as possible. He has written extensively on business strategies and entrepreneurship, including his book ""The Lean Startup.""",book,startup,"startup, business, entrepreneur"
Gogh,0001,The Four Steps to the Epiphany,Steve Blank,"This groundbreaking book introduces the Customer Development process, an approach that changes the way startups are built. Blank emphasizes the importance of understanding customers before building a product, making it a foundational read for entrepreneurs.","Overview: Steve Blank's ""The Four Steps to the Epiphany"" is widely recognized as the book that launched the Lean Startup movement. It outlines a customer development process that is now a cornerstone of lean startup methodology. Blank emphasizes the importance of understanding customers' needs and iterating product offerings based on direct feedback, effectively reducing the market risks associated with new ventures.

Intended Audience: Ideal for startup founders, product managers, and entrepreneurs in technology and innovation-driven fields. The book is also crucial for anyone involved in bringing new products to market, from early-stage startups to established companies looking to innovate.

Key Takeaways: The book teaches how to rigorously test and refine business concepts based on customer interactions and feedback. Readers will learn to focus on customer discovery and validation before scaling their business, thereby minimizing waste and increasing the chances of success in the marketplace.",https://amzn.to/3UuQS9w,https://amzn.to/3UuQS9w,https://m.media-amazon.com/images/I/71yXZg0uBRL._SY522_.jpg,"Steve Blank is a Silicon Valley entrepreneur, educator, and author recognized for developing the Customer Development methodology, which laid the groundwork for the Lean Startup movement. He has founded several successful companies and now teaches entrepreneurship at Stanford University, Columbia University, and the UC Berkeley Haas School of Business.",book,startup,"startup, business, entrepreneur"
Gogh,0001,Rework,"Jason Fried, David Heinemeier Hansson","""Rework"" challenges traditional business practices and offers a new perspective on how to succeed without the trappings of long hours, high overhead, and the growth at all costs mentality. It's a concise guide to working smarter, not harder.","Overview: ""Rework"" challenges traditional business rules and offers an unconventional wisdom for achieving success in business. Written by the founders of Basecamp, Jason Fried and David Heinemeier Hansson advocate for simplicity, clarity, and eschewing traditional norms like growth for growth's sake, workaholism, and long-term planning. The book is a collection of short, powerful essays on everything from productivity to marketing and product development.

Intended Audience: Entrepreneurs, business owners, and anyone interested in productivity and business strategy. It's particularly appealing to those looking to start a business, as well as established professionals seeking to streamline operations.

Key Takeaways: ""Rework"" provides actionable advice for making work more efficient, meaningful, and profitable. It debunks the myth that long hours are necessary for success and instead promotes working smarter. Readers will find tips on overcoming obstacles, making quick decisions, and building a business without becoming consumed by it.",https://amzn.to/483g2zi,https://amzn.to/483g2zi,https://target.scene7.com/is/image/Target/GUEST_fed7873d-6471-45a0-8bd5-f80e88c8d4a6?wid=1200&hei=1200&qlt=80&fmt=webp,"Jason Fried is the co-founder and CEO of Basecamp, a web-based project management tool, and David Heinemeier Hansson is the creator of Ruby on Rails and Basecamp's CTO. Together, they have co-authored several books, including ""Rework"" and ""Remote,"" challenging conventional work norms and promoting efficiency and simplicity in business.",book,startup,"startup, business, entrepreneur"
Gogh,0001,Zero to One,"Peter Thiel, Blake Masters","Thiel, a renowned entrepreneur and investor, shares unconventional wisdom on startup success, advocating for going from 0 to 1 (creating something new) rather than following existing trends.","Overview: In ""Zero to One,"" Peter Thiel, co-founder of PayPal and early investor in Facebook, shares his philosophy on innovation, competition, and building the future. Thiel argues that true innovation comes from going from 0 to 1—creating new things—rather than from 1 to n, or iterating on existing products. The book is based on notes from a course Thiel taught at Stanford and includes insights into startup strategy, monopolies, and the importance of unique business ideas.

Intended Audience: Startup founders, entrepreneurs, and anyone interested in innovation and technology. It's also insightful for investors and business leaders looking for perspectives on how to identify and pursue groundbreaking opportunities.

Key Takeaways: Thiel offers a framework for thinking about innovation that challenges conventional wisdom, emphasizing the importance of creating something new and valuable. Readers will learn about the characteristics of monopolies, the role of technology in society, and how to ask the right questions to find value in unexpected places.",https://amzn.to/4935ukK,https://amzn.to/4935ukK,https://m.media-amazon.com/images/I/51zGCdRQXOL._SY522_.jpg,"Peter Thiel is a technology entrepreneur, investor, and co-founder of PayPal, known for his early investment in Facebook and his conservative political contributions. Blake Masters is an entrepreneur and author who co-wrote ""Zero to One"" with Thiel, based on Masters' notes from Thiel's entrepreneurship class at Stanford University.",book,startup,"startup, business, entrepreneur"
Gogh,0001,Rich Dad Poor Dad,Robert T. Kiyosaki,"Kiyosaki shares the financial lessons he learned from his ""rich dad"" and his ""poor dad,"" emphasizing the importance of investing, financial literacy, and building wealth through assets rather than traditional employment.","Overview: ""Rich Dad Poor Dad"" is a personal finance classic that contrasts the financial philosophies of Kiyosaki's two fathers: his biological father, the ""poor dad,"" and the father of his best friend, the ""rich dad."" The book challenges the conventional wisdom that earning a high income is necessary for wealth and discusses the importance of financial education, investing, and entrepreneurship.

Intended Audience: This book is suited for individuals seeking to improve their financial literacy, parents who wish to teach their children about money, and anyone dissatisfied with the traditional approach to working and earning. It's also helpful for aspiring entrepreneurs and investors looking to build and manage wealth.

Key Takeaways: Kiyosaki provides insights into the mindset differences between the financially successful and those who struggle with money. The book emphasizes acquiring assets that produce income, understanding the tax implications of different types of income, and learning to make money work for you rather than working for money.",https://amzn.to/3SLDDQn,https://amzn.to/3SLDDQn,https://m.media-amazon.com/images/I/81bsw6fnUiL._SY522_.jpg,"Robert T. Kiyosaki is an American businessman and author, best known for his book ""Rich Dad Poor Dad."" Kiyosaki has championed the importance of financial education through his books and speeches, advocating for investing in assets over traditional employment.",book,startup,"startup, business, entrepreneur"
Gogh,0001,Elon Musk,Walter Isaacson,"The definitive biography of the SpaceX and Tesla CEO, offering an unparalleled look into the life of one of the most innovative and influential figures of our time. Based on extensive interviews and firsthand observations, Isaacson captures Musk's complex personality, his professional highs and lows, and his visionary ambitions to advance human technology and exploration.","Overview: ""Elon Musk,"" penned by acclaimed biographer Walter Isaacson, provides an authorized and in-depth exploration of Elon Musk's extraordinary journey. From his early ventures to his leadership at SpaceX and Tesla, and his controversial acquisition of Twitter, Isaacson offers a meticulously researched narrative, enriched by unprecedented access to Musk, his inner circle, and his professional endeavors. The biography sheds light on Musk's mercurial character, his addiction to drama, and the groundbreaking decisions that have defined his tenure as a leader in technology and innovation.

Intended Audience: This biography is essential reading for entrepreneurs, tech enthusiasts, Musk admirers, and critics alike. It's also suited for readers interested in the complexities of leading cutting-edge technology companies and those fascinated by the personal stories behind major figures in the tech industry.

Key Takeaways: Through Isaacson's narrative, readers gain insight into Musk's relentless pursuit of innovation, his impact on the tech industry, and the personal and professional challenges he faces. The biography delves into Musk's strategic decisions during critical global events, such as the Russian invasion of Ukraine, offering a nuanced portrait of a man driven by the desire to change the world. Despite mixed critical reception, the book stands as a testament to Musk's unparalleled influence and the indelible mark he has made on the technological landscape.",https://amzn.to/3uoK6rb,https://amzn.to/3uoK6rb,https://m.media-amazon.com/images/I/814mI0-rkxL._SY522_.jpg,"Walter Isaacson is an American writer and journalist, a Professor of History at Tulane University. He has written biographies of historical figures such as Steve Jobs, Albert Einstein, and Leonardo da Vinci, known for his deep research and accessible writing style.",book,startup,"startup, business, entrepreneur"
Gogh,0001,Discover Your True North,Bill George,"This book offers a comprehensive guide to becoming an authentic leader. It builds on the concepts introduced in ""True North"" and includes interviews with more than 125 leaders. Readers are encouraged to develop their own leadership path aligned with their true values.","Overview: ""Discover Your True North"" is a comprehensive guide for becoming an authentic leader. Bill George, a former CEO and a professor at Harvard Business School, expands on the concepts introduced in his earlier work ""True North."" The book is based on research and interviews with 125 leaders across various industries. George argues that authentic leadership is about leading with your values and ethics, and he provides readers with practical exercises to help them identify their own True North—the internal compass that guides their leadership journey.

Intended Audience: This book is aimed at current and aspiring leaders across all levels of an organization. It's particularly beneficial for professionals seeking to develop their leadership style, enhance their effectiveness, and make a positive impact on their organizations and communities.

Key Takeaways: Readers will learn the importance of self-awareness, values, and principles in leadership. George offers strategies for building authentic leadership, including how to lead through adversity, balance professional and personal life, and inspire and empower teams. The book includes stories of real-world leaders who have faced challenges and how they remained true to their values.",https://amzn.to/3SNSoT4,https://amzn.to/3SNSoT4,https://m.media-amazon.com/images/I/71F8gkUCCgL._SY522_.jpg,"Bill George is a professor of management practice at Harvard Business School, where he has developed leadership courses based on his experience as the former CEO of Medtronic. He is the author of several books on leadership and business ethics, including ""Discover Your True North.""",book,startup,"startup, business, entrepreneur"
Gogh,0001,Losing My Virginity,Richard Branson,"In this autobiography, Branson recounts his journey from a high-school dropout to the billionaire founder of the Virgin Group. It's filled with insights into his adventurous spirit and unconventional business strategies.","Overview: ""Losing My Virginity"" is the autobiography of Sir Richard Branson, detailing his prolific journey as a businessman, adventurer, and philanthropist. From starting a magazine to founding the Virgin Group, one of the world's most irresistible brands, Branson shares his story with honesty and flair. This book covers his early struggles, successes, and the lessons learned from his ventures in music, airlines, telecommunications, and space tourism.

Intended Audience: Entrepreneurs, business enthusiasts, and fans of Richard Branson will find this book inspirational. It's also for those who appreciate stories of perseverance, innovative thinking, and the courage to challenge the status quo.

Key Takeaways: Branson's autobiography encourages readers to pursue their dreams with tenacity and to see opportunities in every challenge. The book is a testament to the power of branding, risk-taking, and unconventional business strategies. Readers will gain insights into Branson's unique approach to life and business, emphasizing the importance of enjoying the journey.",https://amzn.to/497vQlN,https://amzn.to/497vQlN,https://m.media-amazon.com/images/I/71cvffSz5oL._SY522_.jpg,"Sir Richard Branson is a British entrepreneur, adventurer, and founder of the Virgin Group, which controls more than 400 companies in various fields. Branson is known for his charismatic personality and adventurous spirit, having broken several world records and being involved in humanitarian projects.",book,startup,"startup, business, entrepreneur"
Gogh,0001,Like a Virgin,Richard Branson,"Branson shares his secrets to business and personal success, offering advice that challenges traditional practices. It's a collection of essays that reflect his unique approach to entrepreneurship and leadership.","Overview: In ""Like a Virgin: Secrets They Won’t Teach You at Business School,"" Richard Branson compiles his best advice, insights, and secrets to success. The book is a collection of essays and articles that delve into the fundamentals of starting and growing a business, leadership, innovation, and entrepreneurship. Branson uses anecdotes from his own experiences to illustrate his points, making complex business concepts accessible and engaging.

Intended Audience: This book is perfect for aspiring entrepreneurs, business students, and anyone interested in learning from one of the world’s most successful businessmen. It's also suitable for readers looking for practical business insights mixed with entertaining stories.

Key Takeaways: Branson offers actionable advice on overcoming challenges, embracing innovation, and leading with passion and purpose. The book emphasizes the value of customer service, the art of branding, and the importance of creating a vibrant company culture. Readers will find motivation to think differently about business and life.",https://amzn.to/493WAUd,https://amzn.to/493WAUd,https://m.media-amazon.com/images/I/61bxkacV7ML._SY522_.jpg,"Sir Richard Branson is a British entrepreneur, adventurer, and founder of the Virgin Group, which controls more than 400 companies in various fields. Branson is known for his charismatic personality and adventurous spirit, having broken several world records and being involved in humanitarian projects.",book,startup,"startup, business, entrepreneur"
Gogh,0001,"Screw It, Let's Do It",Richard Branson,"This book offers a deeper look into Branson's philosophy of living life to the fullest and taking risks. Through personal anecdotes and lessons, Branson inspires readers to make bold decisions and seize opportunities.","Overview: ""Screw It, Let's Do It"" is one of Richard Branson's most popular books, where he shares his life philosophy that has led to his and Virgin's success: saying yes to opportunities and learning by doing. Through personal stories and experiences, Branson outlines the lessons he has learned about life, happiness, and success. His adventurous spirit and bold decisions serve as the backdrop for practical life lessons.

Intended Audience: Ideal for anyone looking for inspiration to take more risks and live life more fully. Entrepreneurs, adventurers, and those feeling stuck in their personal or professional lives will find Branson's approach refreshing and motivating.

Key Takeaways: The book inspires readers to act on their ideas, embrace failure as a learning opportunity, and enjoy life’s journey. Branson’s adventurous and optimistic outlook encourages taking chances, being innovative, and maintaining integrity and social responsibility in business practices.",https://amzn.to/487dNej,https://amzn.to/487dNej,https://m.media-amazon.com/images/I/71L1rmIfv5L._SY522_.jpg,"Sir Richard Branson is a British entrepreneur, adventurer, and founder of the Virgin Group, which controls more than 400 companies in various fields. Branson is known for his charismatic personality and adventurous spirit, having broken several world records and being involved in humanitarian projects.",book,startup,"startup, business, entrepreneur"
Gogh,0001,The Hard Thing About Hard Things,Ben Horowitz,"Horowitz shares insights and personal anecdotes on the challenges of building and running a startup, offering valuable lessons on leadership, decision-making, and overcoming adversity.","Overview: ""The Hard Thing About Hard Things"" offers an unfiltered look into the realities of starting and running a company, written by Ben Horowitz, co-founder of Andreessen Horowitz, a private venture capital firm. Drawing from his own experiences, Horowitz addresses the tough problems and painful moments entrepreneurs face, for which there are no easy answers. The book provides insights on leadership, managing crises, and making difficult decisions, along with practical advice for building and scaling a startup.

Intended Audience: This book is a must-read for startup founders, CEOs, and business leaders facing the challenges of building a company. It's also valuable for managers and executives looking to improve their leadership skills and navigate complex business situations.

Key Takeaways: Horowitz emphasizes the importance of perseverance, making hard decisions, and leading with courage. Readers will learn strategies for managing through tough times, including how to handle layoffs, deal with competitors, and build a company culture that fosters success. The book is a testament to the resilience needed in leadership and the personal cost of entrepreneurship.",https://amzn.to/4bopgJg,https://amzn.to/4bopgJg,https://m.media-amazon.com/images/I/51NCFyHpkxL._SY445_SX342_.jpg,"Ben Horowitz is a co-founder and general partner of the venture capital firm Andreessen Horowitz. He is a technology entrepreneur and author, known for his book ""The Hard Thing About Hard Things,"" which offers advice on building and running a startup.",book,startup,"startup, business, entrepreneur"
Gogh,0001,The Innovator’s Dilemma,Clayton M. Christensen,Christensen examines why large companies fail to innovate and how startups can exploit this by pursuing disruptive innovation. A seminal text for understanding market dynamics and innovation strategy.,"Overview: ""The Innovator’s Dilemma"" presents a groundbreaking theory on why successful companies often fail to stay on top of new technologies. Clayton M. Christensen, a renowned scholar and business consultant, explains how certain business practices that lead to initial success can eventually become obstacles in the face of disruptive technologies. The book introduces the concept of disruptive innovation and argues that companies must embrace disruptive technologies to ensure long-term success, even if it means cannibalizing their existing products.

Intended Audience: This seminal work is aimed at business leaders, managers, entrepreneurs, and anyone involved in innovation and strategic planning. It's particularly relevant for those in industries undergoing rapid technological changes, as well as for scholars and students of business strategy.

Key Takeaways: Readers will learn to distinguish between sustaining and disruptive technologies and understand why focusing solely on current customers' needs can blind companies to revolutionary changes. Christensen offers insights on how businesses can identify disruptive opportunities early and strategies to adapt and thrive in changing markets. The book is a call to action for companies to rethink their approach to innovation and growth, emphasizing the need for agility and forward-thinking in business strategies.",https://amzn.to/483Yjb0,https://amzn.to/483Yjb0,https://m.media-amazon.com/images/I/51Ngk5BJi1L._SY445_SX342_.jpg,"Clayton M. Christensen was an American academic, business consultant, and religious leader who served as a professor at Harvard Business School. He is best known for his theory of ""disruptive innovation,"" introduced in his book ""The Innovator’s Dilemma,"" which has had a profound impact on management and innovation strategies.",book,startup,"startup, business, entrepreneur"
Gogh,0001,Dare to Lead,Brené Brown,Brown delves into leadership that's rooted in vulnerability and empathy. This book is essential for entrepreneurs aiming to foster a culture of trust and innovation within their teams.,"Overview: In ""Dare to Lead,"" Brené Brown dives into the heart of leadership, drawing upon years of research on courage, vulnerability, shame, and empathy. Brown argues that the future belongs to leaders who are willing to embrace vulnerability and empathy, make bold decisions, and engage in tough conversations. The book is filled with actionable advice, grounded in real-world examples, to help leaders cultivate these qualities in themselves and their teams.

Intended Audience: ""Dare to Lead"" is designed for current and aspiring leaders across all levels of an organization, from executives to team leaders, in both the public and private sectors. It's also beneficial for individuals looking to improve their personal leadership skills and emotional intelligence.

Key Takeaways: Readers will gain a deep understanding of what it means to lead with courage and integrity. Brown provides a framework for building trust, fostering safe environments for innovation and creativity, and leading teams through challenging times. The book challenges traditional notions of leadership and offers a path towards more authentic, inclusive, and effective leadership practices.",https://amzn.to/4bnJQJN,https://amzn.to/4bnJQJN,https://m.media-amazon.com/images/I/71LuaXKsHAL._SY522_.jpg,"Brené Brown is a research professor at the University of Houston where she holds the Huffington Foundation – Brené Brown Endowed Chair at The Graduate College of Social Work. She is best known for her research on vulnerability, courage, empathy, and leadership. Brown has authored several books, including ""Dare to Lead,"" and her TED talk on vulnerability is one of the most viewed talks on TED.com.",book,startup,"startup, business, entrepreneur"
,,The First 90 Days,Michael Watkins,"""The First 90 Days"" is a critical guide for leaders and managers navigating the crucial transition period at the start of a new role. Michael Watkins presents proven strategies for achieving success quickly, building strong teams, and avoiding common pitfalls that can derail new leaders.","Overview: Michael Watkins' ""The First 90 Days"" is a comprehensive roadmap for leaders at all levels undergoing transitions. It emphasizes the importance of the initial three months in a new position, offering actionable advice on how to diagnose a situation, secure early wins, and establish oneself as a valued leader. The book draws on Watkins' extensive research and experience in leadership development to provide a structured approach for successfully managing change.

Intended Audience: This book is tailored for newly appointed leaders, managers stepping into new roles, and professionals looking to accelerate their leadership journey. It's also invaluable for HR professionals and organizational development practitioners supporting leaders in transition.

Key Takeaways: Readers will learn effective strategies for understanding organizational culture, aligning teams, setting priorities, and creating momentum. Watkins' framework helps leaders build credibility and adapt to new challenges, ensuring a smooth and successful transition into their new roles.",https://amzn.to/48j02Jm,,https://hbr.org/resources/images/products/11323_500.png,,,,
,,Blue Ocean Strateg,W. Chan Kim and Renee Mauborgne,"""Blue Ocean Strategy"" challenges traditional competitive strategies by advocating for the creation of uncontested market spaces, or ""blue oceans."" Authors W. Chan Kim and Renee Mauborgne offer a revolutionary approach to breaking away from competition and generating unique value and innovation.","Overview: W. Chan Kim and Renee Mauborgne's ""Blue Ocean Strategy"" introduces a new paradigm in business strategy, focusing on creating new markets rather than competing in overcrowded industries. Through compelling case studies and analytical tools, the authors demonstrate how organizations can discover blue oceans of opportunity for growth and profitability by redefining market boundaries.

Intended Audience: Ideal for business leaders, strategists, entrepreneurs, and marketers seeking to innovate and drive their companies beyond the competitive fray. It's also suitable for students and academics interested in business strategy and innovation.

Key Takeaways: The book provides readers with a systematic process for identifying and pursuing blue ocean opportunities. It highlights the importance of value innovation, the simultaneous pursuit of differentiation and low cost, to open up new demand and create new spaces for growth.",https://amzn.to/3UGvP3T,,https://hbr.org/resources/images/products/13892_500.png,,,,
,,Nine Lies About Work,Marcus Buckingham and Ashley Goodall,"""Nine Lies About Work"" by Marcus Buckingham and Ashley Goodall debunks common myths about the workplace, offering insights into what truly motivates and engages employees. This provocative book challenges conventional wisdom and presents new strategies for leadership and organizational success.","Overview: In ""Nine Lies About Work,"" Buckingham and Goodall take a critical look at widely accepted beliefs about work and leadership that don't hold up under scrutiny. Through research and real-world examples, the authors expose the fallacies that hinder workplace effectiveness and employee satisfaction, offering alternative principles that align more closely with human nature and organizational excellence.

Intended Audience: This book is a must-read for leaders, managers, HR professionals, and anyone interested in the future of work. It appeals to those questioning traditional management practices and looking for evidence-based alternatives.

Key Takeaways: Readers will discover the truth behind what drives excellence at work, including the real impact of company culture, the importance of individual strengths over weaknesses, and the power of team dynamics. The authors provide practical advice for creating environments where people can truly thrive.",https://amzn.to/49CDZOP,,https://hbr.org/resources/images/products/10214_500.png,,,,
,,Playing to Win,A.G. Lafley and Roger Martin,"""Playing to Win"" outlines the strategic approach A.G. Lafley, former CEO of Procter & Gamble, and Roger Martin, a renowned management thinker, used to double P&G's sales, quadruple its profits, and increase its market value by more than $100 billion. It's a blueprint for making tough choices and mobilizing organizations for strategic success.","Overview: A.G. Lafley and Roger Martin's ""Playing to Win"" is a compelling guide to strategic decision-making, drawing on Lafley's tenure at P&G. The book introduces a practical framework for strategy development, focusing on five critical questions that organizations must address to win in their industry. Through anecdotes and insights, it illustrates how to apply this framework to create a strategy that is actionable, effective, and geared towards winning.

Intended Audience: Targeted at business leaders, strategists, and managers at all levels looking to develop and implement strategies that can lead to sustainable competitive advantage. It's also insightful for students of business strategy and management.

Key Takeaways: The book equips readers with the tools to define their winning aspiration, determine where they will play, how they will win, what capabilities must be in place, and what management systems are required. Lafley and Martin provide a clear roadmap for translating strategic thinking into actionable",https://amzn.to/3OIzPNn,,https://hbr.org/resources/images/products/11202_500.png,,,,
,,The Outsiders,Will Thorndike,"""The Outsiders"" examines the unconventional success strategies of eight unheralded CEOs who eschewed the spotlight but significantly outperformed their peers and the market. William Thorndike presents compelling evidence that these leaders' unique approaches to capital allocation and leadership vastly contributed to their companies' extraordinary success.","Overview: William Thorndike's ""The Outsiders"" offers a deep dive into the careers of eight CEOs who defied the norms of corporate leadership and achieved remarkable success. Thorndike analyzes how these leaders, through disciplined capital allocation and an emphasis on shareholder value, managed to outperform their more celebrated peers. The book provides insights into the decision-making processes and strategic thinking that drove their companies to exceptional growth and profitability.

Intended Audience: This book is invaluable for CEOs, CFOs, investors, and anyone interested in corporate strategy, leadership, and finance. It's particularly relevant for those seeking to understand the principles of effective capital allocation and value creation.

Key Takeaways: Readers will learn the importance of an outsider mindset in leadership, focusing on long-term value over short-term gains. The book highlights the power of strategic simplicity, the critical role of capital allocation, and the need for a contrarian approach to achieve outstanding results.",https://amzn.to/3I1beQs,,https://hbr.org/resources/images/products/10344_500.png,,,,
,,The Mind of a Leader,Rasmus Hougaard and Jacqueline Carter,"""The Mind of a Leader"" offers a fresh perspective on leadership, emphasizing mindfulness, selflessness, and compassion as essential qualities for effective leaders. Rasmus Hougaard and Jacqueline Carter argue that these mental strategies not only enhance personal well-being but also improve organizational performance.","Overview: Rasmus Hougaard and Jacqueline Carter's ""The Mind of a Leader"" is based on extensive research and interviews with business leaders worldwide. The book argues that leadership success in today's complex and fast-paced world requires a radical shift towards inner values and a focus on the well-being of others. It presents mindfulness, selflessness, and compassion as not just moral imperatives but as practical tools for building more resilient and adaptive organizations.

Intended Audience: Designed for current and aspiring leaders across all sectors, this book is a guide for anyone interested in incorporating mindfulness and ethical principles into their leadership practice. It's also suitable for professionals seeking to cultivate a more inclusive and high-performing workplace culture.

Key Takeaways: The book provides practical exercises and strategies for developing a leader's mind, with a focus on enhancing focus, clarity, and empathy. Hougaard and Carter show how adopting these principles can lead to more effective decision-making, improved workplace relationships, and a stronger organizational culture that thrives on trust and innovation.",https://amzn.to/4bEuhxu,,https://hbr.org/resources/images/products/10153_500.png,,,,
,,Prediction Machines,"Ajay Agrawal, Joshua Gans, and Avi Goldfarb","""Prediction Machines"" demystifies the role of artificial intelligence in business decision-making, explaining how AI can lead to better predictions, informed choices, and reduced uncertainty.","Overview: Ajay Agrawal, Joshua Gans, and Avi Goldfarb's ""Prediction Machines"" is an accessible guide to understanding how artificial intelligence (AI) is reshaping the landscape of business strategy. The authors, economists by trade, unpack the implications of AI as a tool for reducing uncertainty and making better predictions, which is the cornerstone of strategic business decisions.

Intended Audience: Business leaders, strategists, and managers looking to understand and implement AI in their operations, as well as anyone interested in the economic and practical impacts of technological advancements in AI.

Key Takeaways: The book provides clarity on how AI functions as a predictive tool, offering insights into how businesses can leverage this technology to gain a competitive edge. It elucidates the economics of AI, helping readers to anticipate the broad-scale changes that AI will bring to various industries and the economy at large.",https://amzn.to/3ULRHuV,,https://hbr.org/resources/images/products/10598_500.png,,,,
,,Financial Intelligence,"Karen Berman, Joe Knight, and John Case","""Financial Intelligence"" provides a non-financial manager's guide to the essentials of finance, teaching leaders how to read the financial numbers and make better business decisions.","Overview: Karen Berman, Joe Knight, and John Case's ""Financial Intelligence"" offers a clear and engaging explanation of financial analysis, budgeting, and accounting. The book aims to empower managers with the knowledge to understand the financial impact of decisions and to communicate more effectively with financial teams.

Intended Audience: Managers and leaders without a financial background who need to understand the financial aspects of their roles, as well as anyone seeking a solid grounding in financial principles.

Key Takeaways: Readers will learn the basics of financial measurement, how to read income statements, balance sheets, and cash flow statements, and how to use financial data to make more informed, intelligent business decisions and strategies.",https://amzn.to/3SH4c83,,https://hbr.org/resources/images/products/10833_500.png,,,,
,,The Heart of Business,Hubert Joly and Caroline Lambert,"""The Heart of Business"" tells the story of transforming Best Buy from a struggling retailer to a thriving business, emphasizing purposeful leadership and human-centric values.","Overview: Hubert Joly, with co-author Caroline Lambert, presents ""The Heart of Business,"" a manifesto for leadership that combines profitability with purpose. Joly recounts his experience revitalizing Best Buy and offers a blueprint for others to lead with humanity and achieve extraordinary results without sacrificing integrity or social responsibility.

Intended Audience: Current and aspiring business leaders, managers, entrepreneurs, and anyone interested in a purpose-driven approach to business and leadership.

Key Takeaways: The book offers insights into how leading with heart and focusing on people can drive success in business. It demonstrates the power of purposeful leadership in inspiring employees, delighting customers, and invigorating communities.",https://amzn.to/49wyz8b,,https://hbr.org/resources/images/products/10439_500.png,,,,
,,Human + Machine,Paul Daugherty and Jim Wilson,"""Human + Machine"" explores the collaborative future of work where human creativity is augmented by the efficiency of artificial intelligence, reshaping industries and work practices.","Overview: In ""Human + Machine,"" Paul Daugherty and Jim Wilson examine the new partnerships between humans and machines. The authors present a forward-looking analysis of how AI is augmenting human capabilities in the workplace, leading to innovative approaches to business processes and customer engagement.

Intended Audience: Business leaders, technology enthusiasts, policymakers, and workers interested in the future of AI in the workplace and its implications for job design and skills development.

Key Takeaways: This book provides a comprehensive view of how AI technologies are transforming the nature of work, offering a guide to navigating the changes and capitalizing on the opportunities presented by human-machine collaboration.",https://amzn.to/49CEjNx,,https://hbr.org/resources/images/products/10163_500.png,,,,
,,The Founders Mentality,Chris Zook and James Allen,"""The Founders Mentality"" examines how a strong, value-driven founder's mindset can be the key to sustained business performance, especially as companies face the challenges of growth and scale.","Overview: ""The Founder's Mentality"" focuses on the critical role of the founder's mindset in driving a company's success. It argues that the unique vision, passion, and relentless focus on the customer and front-line operations that founders typically possess are essential elements in sustaining growth and competitive advantage. The book explores common growth challenges businesses face and presents strategies to overcome them by fostering an internal culture reminiscent of a start-up's agility and commitment.

Intended Audience: This book is designed for CEOs, business founders, leaders, and managers at all levels who are seeking to inject or reignite a founder's mentality within their organizations. It's particularly relevant for leaders of growing companies looking to maintain their entrepreneurial edge and for those in established firms aiming to counteract complacency and bureaucracy.

Key Takeaways: The key insights from the book include the importance of preserving an insurgent mission, fostering an unyielding obsession with the front line, and embodying an owner's mindset regardless of company size. The authors detail how these elements can help businesses maintain their innovative edge, ensure customer-centricity, and effectively navigate the complexities of scaling. Practical advice on cultivating these attitudes within leadership and across the organization is also provided, alongside real-world examples of companies that have successfully maintained or rediscovered their founder's mentality.",https://amzn.to/4bCE5rG,,https://hbr.org/resources/images/products/10002_500.png,,,,
,,StandOut 2.0,Marcus Buckingham,"""StandOut 2.0"" offers a guide to finding your top strengths and positioning them in the workplace. It's a tool for individuals to identify how they can make the most significant impact in their roles.","Overview: In ""StandOut 2.0,"" Marcus Buckingham provides a tool for individuals to discover their strengths and learn how to apply them in the workplace. The book builds on the idea that understanding and leveraging one's unique strengths can lead to more significant contributions and fulfillment at work. It includes an updated assessment to help readers identify their top two strength roles and offers advice on making the most of these strengths in various professional scenarios.

Intended Audience: The intended audience includes professionals across all levels of an organization, from entry-level employees to senior executives. It's also valuable for teams seeking to improve collaboration and performance by understanding and leveraging the diverse strengths of their members.

Key Takeaways: Readers will learn the importance of focusing on their strengths rather than trying to improve their weaknesses. Buckingham provides strategies for applying your strengths in your current role, enhancing teamwork, and navigating your career path. The book emphasizes the transformative power of understanding your unique value and applying it to achieve success and satisfaction in your professional life.",https://amzn.to/49zx8Wv,,https://hbr.org/resources/images/products/15033_500.png,,,,
,,The Practice of Adaptive Leadership,"Ronald Heifetz, Marty Linksy, and Alexander Grashow",This book provides a framework for leading through complex changes. It teaches leaders how to identify and tackle systemic changes in an organization or society.,"Overview: ""The Practice of Adaptive Leadership"" offers a comprehensive framework for leading change in environments characterized by complexity and uncertainty. The authors distinguish between technical problems, which have clear solutions, and adaptive challenges, which require changes in people's priorities, beliefs, habits, and loyalties. The book provides tools and tactics for identifying and tackling these adaptive challenges effectively.

Intended Audience: This book targets leaders, managers, and change agents in any organization or community facing complex, systemic changes. It's particularly relevant for those in positions of authority who are responsible for guiding their organizations through transformational change.

Key Takeaways: Key insights include the importance of diagnosing the system, mobilizing the system for change, and deploying oneself strategically. The book emphasizes the necessity of engaging stakeholders, experimenting with new approaches, and managing the inevitable pushback that comes with change. It also offers guidance on developing the personal resilience required to lead effectively in challenging environments.",https://amzn.to/3SZgfz2,,https://hbr.org/resources/images/products/5764_500.png,,,,
,,Talent Wins,"Ram Charan, Dominic Barton, and Dennis Carey","""Talent Wins"" is a guide for companies looking to revamp their approach to talent management, emphasizing the strategic role of HR in achieving business success.","Overview: ""Talent Wins"" makes a compelling case for the central role of talent in the success of any business strategy. The authors argue that in today's fast-paced and competitive business environment, companies must prioritize talent acquisition, development, and deployment to win. The book outlines a new role for HR and new practices for building a dynamic and agile organization where talent thrives.

Intended Audience: CEOs, HR executives, and business leaders tasked with strategic planning and talent management are the primary audience. It's also valuable for anyone interested in understanding how to align talent strategy with business objectives to drive growth.

Key Takeaways: The book's key takeaways include the necessity of reimagining HR as a strategic partner rather than an administrative function, the importance of creating a culture that attracts and retains top talent, and strategies for making every decision through the lens of talent. It provides actionable advice for building a robust talent pipeline and fostering a high-performance workplace culture.",https://amzn.to/42GE7e7,,https://hbr.org/resources/images/products/10003_500.png,,,,
,,Primal Leadership,"Daniel Goleman, Richard Boyatzis, and Annie Mckee","This book introduces the concept of emotional intelligence in leadership, arguing that a leader's emotional style drives an organization's climate and results.","Overview: ""Primal Leadership"" delves into the concept of emotional intelligence (EQ) and its critical importance in effective leadership. The authors argue that a leader's emotional intelligence—their ability to manage themselves and their relationships—dictates the emotional climate of their organization, which in turn influences the organization's overall performance. The book outlines different leadership styles powered by EQ and their impact on an organization's climate.

Intended Audience: Current and aspiring leaders across all sectors and levels will find this book insightful. It's particularly beneficial for those looking to enhance their leadership effectiveness through emotional intelligence, including executives, managers, and HR professionals interested in leadership development.

Key Takeaways: Readers will learn the four domains of emotional intelligence (self-awareness, self-management, social awareness, and relationship management) and how they can cultivate these skills to lead more effectively. The book emphasizes the transformative effect of emotionally intelligent leadership on team and organizational success and offers strategies for developing a leadership style that inspires and motivates.",https://amzn.to/49ah9ym,,https://hbr.org/resources/images/products/16558_500.png,,,,
,,Competing in the Age of AI,Marco Iansiti and Karim R. Lakhani,"This book examines the transformative power of artificial intelligence in business, showcasing how companies can leverage AI to gain a competitive edge.","Overview: ""Competing in the Age of AI"" explores the significant impact of artificial intelligence on business models, strategies, and competitive landscapes. The authors argue that AI is not just a technological tool but a fundamental force reshaping how companies operate, innovate, and compete. The book provides insights into how AI-driven companies can achieve scale and efficiency beyond traditional limitations, illustrated with examples from leading firms that have embraced AI at the core of their operations.

Intended Audience: This book is aimed at business leaders, strategists, and technology professionals looking to understand and leverage AI in their organizations. It's particularly relevant for decision-makers in companies seeking to innovate and maintain a competitive edge in increasingly digital markets.

Key Takeaways: The book outlines how businesses can use AI to create new value propositions, streamline operations, and foster innovation. Key insights include the importance of building a robust data strategy, the transformative potential of AI across various industries, and the need for leaders to adapt to the strategic and organizational challenges posed by AI. The authors also discuss the implications of AI on leadership, talent, and culture, offering a blueprint for navigating the AI revolution.",https://amzn.to/3uCcGWf,,https://hbr.org/resources/images/products/10272_500.png,,,,
,,Net Positive,Paul Polman and Andrew Winston,"""Net Positive"" explores how companies can thrive by giving more to the world than they take. It emphasizes the importance of businesses acting as a force for good, advocating for sustainable and equitable practices that benefit society, the environment, and the economy.","Overview: This groundbreaking book challenges businesses to rethink their role in society, urging them to become ""net positive""—contributing more to the world than they consume. Authors Polman and Winston argue that in the face of global challenges like climate change and inequality, businesses must adopt a holistic approach that prioritizes long-term value for all stakeholders over short-term profits for shareholders.

Intended Audience: Targeted at business leaders, sustainability professionals, and anyone interested in corporate responsibility, this book provides a blueprint for building a future where companies drive positive change.

Key Takeaways: Key lessons include the imperative for businesses to embrace radical transparency, invest in sustainable innovation, and engage in meaningful partnerships. The book offers practical strategies for leaders to measure and increase their positive impact, ultimately arguing that businesses that adopt a net positive approach will be better positioned to succeed in the future.",https://amzn.to/3SDDnli,,https://hbr.org/resources/images/products/10496_500.png,,,,
,,Getting Along,Amy Gallo,"""Getting Along"" dives into the art of managing workplace conflicts, offering strategies to navigate and resolve disagreements constructively.","Overview: Amy Gallo's ""Getting Along"" is a practical guide to understanding, addressing, and benefiting from the inevitable conflicts that arise in the workplace. It combines research with actionable advice to help individuals navigate disputes with colleagues, superiors, and subordinates in a way that fosters personal growth and organizational success.

Intended Audience: Ideal for professionals at all levels, HR managers, and team leaders, this book equips readers with the tools needed to handle conflict effectively, promoting a more collaborative and productive work environment.

Key Takeaways: The book emphasizes the importance of emotional intelligence, communication skills, and understanding diverse perspectives in conflict resolution. Readers will learn techniques for de-escalating tension, finding common ground, and turning conflicts into opportunities for strengthening relationships and organizational culture.",https://amzn.to/3OHN2Gp,,https://hbr.org/resources/images/products/10482_500.png,,,,
,,Love and Work,Marcus Buckingham,"""Love and Work"" delves into how individuals can find and cultivate love and passion in their careers, leading to greater fulfillment and success.","Overview: Building on his extensive research on strengths and workplace engagement, Marcus Buckingham offers insights into how people can discover what they love doing and integrate this passion into their careers. The book explores the relationship between job satisfaction, performance, and personal fulfillment, advocating for a strengths-based approach to work.

Intended Audience: This book is aimed at anyone seeking to enhance their job satisfaction and career success, from employees at all levels to leaders and HR professionals interested in fostering a more engaged and passionate workforce.

Key Takeaways: Buckingham provides strategies for identifying your unique strengths and passions, aligning your work with these interests, and creating a job you love. The book also discusses how leaders can support their teams in finding and doing work that resonates with them, leading to higher engagement and productivity.",https://amzn.to/3I1SAb8,,https://hbr.org/resources/images/products/10493_500.png,,,,
,,Unleashed,Frances Frei and Anne Morriss,"""Unleashed"" offers a fresh perspective on leadership, focusing on empowering others and unlocking their potential.","Overview: Frances Frei and Anne Morriss argue that the essence of leadership is not about the leader but about how they empower others. ""Unleashed"" explores how leaders can build trust, foster innovation, and create environments where everyone can thrive. The book emphasizes the importance of inclusivity, authenticity, and creating the conditions for others to succeed.

Intended Audience: Geared towards current and aspiring leaders across all levels and sectors, this book is a guide for anyone looking to inspire and enable their teams and organizations to achieve their full potential.

Key Takeaways: Key lessons include strategies for building high-trust environments, understanding and leveraging diversity, and the importance of self-awareness in leadership. The authors provide practical advice for leaders to elevate those around them, ultimately achieving greater impact through empowerment.",https://amzn.to/3uytrS3,,https://hbr.org/resources/images/products/10245_500.png,,,,
,,Leadership on the Line,Ronald Heifetz and Marty Linsky,"This book addresses the personal and professional challenges leaders face when driving change, offering strategies for navigating the dangers and opportunities of leadership.","Overview: ""Leadership on the Line"" is a deep dive into the risky but rewarding world of leadership in the context of change and challenge. Heifetz and Linsky discuss the dynamics of leading in environments resistant to change, the personal vulnerabilities leaders face, and the courage required to engage in transformational leadership.

Intended Audience: Ideal for leaders, managers, and change-makers at any level, this book is particularly relevant for those in roles that demand navigating complex, adaptive challenges and driving systemic changes.

Key Takeaways: The authors outline practical strategies for surviving and thriving as a leader, including staying connected to your purpose, engaging allies, and managing personal vulnerability. The book emphasizes the need for leaders to mobilize others to tackle tough problems and the importance of self-care in sustaining effective leadership.",https://amzn.to/3HXQlFs,,https://hbr.org/resources/images/products/10125_500.png,,,,
,,Humanocracy,Gary Hamel and Michele Zanini,"""Humanocracy"" presents a compelling argument for replacing bureaucratic and hierarchical models of organization with systems that empower and capitalize on the creativity of every employee.","Overview: In ""Humanocracy,"" Hamel and Zanini critique the inefficiencies of traditional management structures and propose a radical shift towards more human-centered organizations. The book provides a detailed roadmap for creating workplaces that prioritize autonomy, creativity, and innovation, arguing that such environments not only improve employee engagement but also drive superior performance.

Intended Audience: Targeted at business leaders, managers, and organizational change agents disillusioned with the status quo of corporate bureaucracy, this book is a manifesto for anyone looking to create more agile, innovative, and motivating workplaces.

Key Takeaways: The book outlines principles for building a humanocracy, including dismantling power structures that stifle creativity, fostering a culture of entrepreneurship, and leveraging technology to democratize decision-making. Hamel and Zanini offer case studies of organizations that have successfully implemented these principles, providing readers with actionable insights for transforming their own organizations.",https://amzn.to/3P6Od2v,,https://hbr.org/resources/images/products/10201_500.png,,,,
,,Sapiens,Yuval Noah Harari,"""Sapiens"" provides a compelling overview of human history from the Stone Age to the modern day, examining how Homo sapiens came to dominate the Earth. Yuval Noah Harari explores the ways in which biology and history have defined human society and our behavior.","Overview: Yuval Noah Harari's ""Sapiens"" is a thought-provoking journey through the history of humankind, exploring how cognitive revolutions, agricultural advancements, and scientific developments have shaped human societies. Harari delves into the ethical, technological, and social challenges that have emerged as humans have evolved, questioning what the future holds for our species.

Intended Audience: This book is intended for a broad audience, including readers interested in history, anthropology, sociology, and anyone curious about the forces that have shaped human civilization.

Key Takeaways: Harari offers insights into the ways in which power, myths, money, and politics have influenced human society. He challenges readers to consider the realities of human suffering, happiness, and our impact on the Earth, prompting a reflection on what it means to be human in the past, present, and future.",https://amzn.to/48cfQxL,,https://m.media-amazon.com/images/I/71N3-FFSDxL._SY522_.jpg,,,,
,,Go Giver,Bob Burg and John David Mann,"""Go Giver"" redefines the concept of success, proposing that giving is the most fulfilling and effective path to achievement. The book presents a powerful business parable that illustrates the profound impact of giving on personal and professional success.","Overview: Bob Burg and John David Mann's ""Go Giver"" tells the story of an ambitious young man who learns that the secret to success is not in taking but in giving. Through the protagonist's journey, the authors unfold five laws of stratospheric success that can transform one's life and career.

Intended Audience: This book is aimed at entrepreneurs, business professionals, and anyone looking to enhance their career and personal life through the power of giving.

Key Takeaways: The book emphasizes the importance of value, influence, authenticity, receptivity, and putting others' interests first as pathways to personal and business success. Readers are encouraged to apply these principles to achieve remarkable results in their own lives.",https://amzn.to/3SYsOuB,,https://m.media-amazon.com/images/I/81ypH4lWAmL._SY522_.jpg,,,,
,,The Unicorn Within,Linda K. Yates,"""The Unicorn Within"" reveals how to unlock the magic and potential within each individual to achieve personal and professional success. Linda K. Yates encourages readers to embrace their uniqueness and leverage it as a strength.","Overview: Linda K. Yates's ""The Unicorn Within"" combines personal anecdotes with practical advice to guide readers on a journey of self-discovery and empowerment. The book encourages individuals to find and harness their unique talents and perspectives to stand out and succeed in a crowded marketplace.

Intended Audience: This book is designed for individuals at all stages of their careers who are seeking to discover their unique value and differentiate themselves in their personal and professional lives.

Key Takeaways: Yates offers strategies for identifying one's unique skills and talents, overcoming obstacles, and building a personal brand. The book is a call to action for readers to live authentically and use their individuality as a powerful tool for success.",https://amzn.to/3OKRHHH,,https://cdn11.bigcommerce.com/s-yneuaokjib/product_images/attribute_rule_images/142427_source_1706788347.png,,,,
,,Out-Innovate,Alexandre Lazarow,"""Out-Innovate"" explores how entrepreneurs in emerging markets are mastering the art of innovation under constraints. Alexandre Lazarow provides a roadmap for building resilient and sustainable businesses that can thrive in challenging environments.","Overview: Alexandre Lazarow's ""Out-Innovate"" highlights the innovative strategies employed by startups in emerging markets, often referred to as ""frontier innovators."" These entrepreneurs operate under resource constraints, yet they manage to create impactful and scalable solutions. The book draws lessons from these successes, offering insights applicable to businesses worldwide.

Intended Audience: Entrepreneurs, business leaders, and innovators, particularly those working in or interested in emerging markets, will find valuable strategies and inspiration in this book.

Key Takeaways: Lazarow outlines the principles of frontier innovation, including the importance of building for resilience, focusing on sustainable growth, and leveraging local ecosystems. The book challenges conventional Silicon Valley wisdom, presenting an alternative model for innovation that is inclusive and adaptable.",https://amzn.to/3OIHKKM,,https://cdn11.bigcommerce.com/s-yneuaokjib/product_images/attribute_rule_images/125960_source_1706787936.png,,,,
,,Imagination Machine,Martin Reeves and Jack Fuller,"""Imagination Machine"" delves into the power of imagination in driving innovation and transformation in the business world. Martin Reeves and Jack Fuller offer a framework for harnessing creativity to create value and competitive advantage.","Overview: In ""Imagination Machine,"" Reeves and Fuller argue that imagination is the most critical asset for businesses in the era of rapid technological change and complexity. The book provides insights into how companies can cultivate an imaginative mindset, generate novel ideas, and turn those ideas into reality to achieve breakthrough success.

Intended Audience: Business leaders, managers, and innovators looking to foster creativity and innovation within their organizations will find this book particularly enlightening.

Key Takeaways: The authors present a systematic approach to unlocking imagination within teams and organizations, including strategies for overcoming barriers to creativity, fostering an innovative culture, and leveraging imagination for strategic planning and problem-solving.",https://amzn.to/4bAA2Mx,,https://m.media-amazon.com/images/I/71RkZiKVaOL._SY522_.jpg,,,,
,,"Eat, Sleep, Innovate",Scott D. Anthony,"""Eat, Sleep, Innovate"" provides a practical guide to embedding innovation into the DNA of an organization. Scott D. Anthony and co-authors share strategies for overcoming the habits that hinder innovation and cultivating a culture of creativity.","Overview: Scott D. Anthony and his co-authors offer a blueprint for creating a workplace where innovation thrives naturally. The book identifies common innovation blockers and provides actionable solutions for overcoming them, using real-world examples and practical tools.

Intended Audience: Leaders, managers, and employees at all levels interested in building an innovative culture within their organization will benefit from the insights and strategies presented in this book.

Key Takeaways: The book emphasizes the importance of creating the right environment for innovation, including fostering behaviors that encourage creativity, collaboration, and experimentation. Readers will learn how to make innovation a daily habit through simple practices and mindset shifts that can be implemented at every level of an organization.",https://amzn.to/42DKO0y,,https://cdn11.bigcommerce.com/s-yneuaokjib/product_images/attribute_rule_images/129536_source_1706787795.png,,,,